directRunCadence,directDoubleCadence,sumMovingDuration,sumDistance,directHeartRate,directCorrectedElevation,sumDuration,directUncorrectedElevation,directTimestamp,directFractionalCadence,directLatitude,directLongitude,sumElapsedDuration,directElevation,directSpeed,directVerticalSpeed,elapsed_s
0.0,0.0,0.0,0.0,123.0,78.4000015258789,0.0,87.19999694824219,1784592832000.0,0.0,-6.42908594571054,106.89376406371593,0.0,78.4000015258789,0.0,,0.0
0.0,0.0,0.0,0.0,123.0,78.4000015258789,1.0,87.4000015258789,1784592833000.0,0.0,-6.42908594571054,106.89376406371593,1.0,78.4000015258789,0.0,0.0,1.0
0.0,0.0,0.0,0.10000000149011612,120.0,78.4000015258789,4.0,87.4000015258789,1784592836000.0,0.0,-6.429085023701191,106.89376406371593,4.0,78.4000015258789,0.0,-0.0010000000474974513,4.0
84.0,168.0,0.0,0.23000000417232513,117.0,78.4000015258789,9.0,87.4000015258789,1784592841000.0,0.0,-6.429084604606032,106.89375886693597,9.0,78.4000015258789,0.0,-0.014999999664723873,9.0
83.0,167.0,14.0,0.6399999856948853,120.0,78.19999694824219,23.0,87.80000305175781,1784592855000.0,0.5,-6.429081000387669,106.89375744201243,23.0,78.19999694824219,0.7369999885559082,-0.0020000000949949026,23.0
0.0,0.0,23.0,4.659999847412109,118.0,78.80000305175781,32.0,87.80000305175781,1784592864000.0,0.0,-6.429119054228067,106.8937763851136,32.0,78.80000305175781,0.9520000219345093,0.05700000002980232,32.0
0.0,0.0,25.0,5.679999828338623,119.0,79.0,34.0,87.80000305175781,1784592866000.0,0.0,-6.429125340655446,106.89378124661744,34.0,79.0,1.2319999933242798,0.06599999964237213,34.0
0.0,0.0,25.0,7.659999847412109,120.0,79.0,41.0,87.80000305175781,1784592873000.0,0.0,-6.4291272684931755,106.89378065988421,41.0,79.0,0.0,0.0,41.0
0.0,0.0,25.0,11.960000038146973,121.0,79.0,47.0,88.4000015258789,1784592879000.0,0.0,-6.429121904075146,106.89378133043647,47.0,79.0,0.0,-0.004000000189989805,47.0
53.0,106.0,25.0,17.6200008392334,124.0,79.19999694824219,51.0,88.5999984741211,1784592883000.0,0.0,-6.42917194403708,106.89377185888588,51.0,79.19999694824219,0.0,0.04699999839067459,51.0
0.0,0.0,25.0,20.950000762939453,126.0,79.19999694824219,54.0,89.0,1784592886000.0,0.0,-6.429200442507863,106.8937623873353,54.0,79.19999694824219,0.0,0.012000000104308128,54.0
49.0,99.0,25.0,26.760000228881836,125.0,79.19999694824219,61.0,89.5999984741211,1784592893000.0,0.5,-6.429231120273471,106.8937499821186,61.0,79.19999694824219,0.0,0.0,61.0
0.0,0.0,25.0,29.219999313354492,122.0,79.19999694824219,63.0,89.5999984741211,1784592895000.0,0.0,-6.429210416972637,106.89375794492662,63.0,79.19999694824219,0.0,-0.003000000026077032,63.0
70.0,140.0,25.0,31.700000762939453,121.0,79.0,66.0,89.80000305175781,1784592898000.0,0.0,-6.429187869653106,106.8937610462308,66.0,79.0,0.0,-0.03500000014901161,66.0
74.0,148.0,25.0,33.15999984741211,118.0,78.80000305175781,69.0,90.19999694824219,1784592901000.0,0.0,-6.429176051169634,106.89375325106084,69.0,78.80000305175781,0.0,-0.07500000298023224,69.0
74.0,148.0,28.0,34.34000015258789,118.0,78.80000305175781,72.0,90.4000015258789,1784592904000.0,0.0,-6.429165741428733,106.89375190995634,72.0,78.80000305175781,0.597000002861023,-0.032999999821186066,72.0
81.0,163.0,34.0,38.56999969482422,117.0,78.5999984741211,78.0,90.5999984741211,1784592910000.0,0.5,-6.4291617181152105,106.89375333487988,78.0,78.5999984741211,1.0820000171661377,-0.0010000000474974513,78.0
81.0,163.0,35.0,39.63999938964844,117.0,78.80000305175781,79.0,90.5999984741211,1784592911000.0,0.5,-6.4291714411228895,106.89375375397503,79.0,78.80000305175781,1.0820000171661377,0.07800000160932541,79.0
0.0,0.0,37.0,41.45000076293945,117.0,78.80000305175781,81.0,90.80000305175781,1784592913000.0,0.0,-6.429187618196011,106.89375241287053,81.0,78.80000305175781,1.2410000562667847,0.04600000008940697,81.0
0.0,0.0,40.0,44.5,120.0,78.80000305175781,84.0,91.19999694824219,1784592916000.0,0.0,-6.429213183000684,106.89374042674899,84.0,78.80000305175781,1.2410000562667847,-0.010999999940395355,84.0
0.0,0.0,43.0,47.439998626708984,122.0,78.80000305175781,87.0,91.80000305175781,1784592919000.0,0.0,-6.429237658157945,106.8937314581126,87.0,78.80000305175781,1.1759999990463257,0.004999999888241291,87.0
0.0,0.0,50.0,49.029998779296875,121.0,79.19999694824219,94.0,92.4000015258789,1784592926000.0,0.0,-6.429234305396676,106.8937488924712,94.0,79.19999694824219,0.9610000252723694,0.04100000113248825,94.0
0.0,0.0,50.0,50.97999954223633,118.0,79.5999984741211,98.0,93.4000015258789,1784592930000.0,0.0,-6.429247464984655,106.89376381225884,98.0,79.5999984741211,0.0,0.09099999815225601,98.0
0.0,0.0,50.0,50.97999954223633,117.0,79.5999984741211,101.0,94.0,1784592933000.0,0.0,-6.429247464984655,106.89376381225884,101.0,79.5999984741211,0.0,0.0,101.0
76.0,153.0,50.0,51.40999984741211,116.0,79.4000015258789,120.0,94.5999984741211,1784592952000.0,0.5,-6.429242184385657,106.89376330934465,120.0,79.4000015258789,0.0,-0.0020000000949949026,120.0
76.0,153.0,50.0,56.84000015258789,116.0,79.5999984741211,123.0,94.5999984741211,1784592955000.0,0.5,-6.429199520498514,106.8937885388732,123.0,79.5999984741211,0.0,0.04899999871850014,123.0
82.0,164.0,54.0,66.5999984741211,119.0,79.5999984741211,127.0,94.5999984741211,1784592959000.0,0.0,-6.4291181322187185,106.89382156357169,127.0,79.5999984741211,1.465000033378601,0.0020000000949949026,127.0
83.0,167.0,57.0,74.12000274658203,121.0,79.4000015258789,130.0,94.80000305175781,1784592962000.0,0.5,-6.429052334278822,106.89383991993964,130.0,79.4000015258789,1.781999945640564,-0.04800000041723251,130.0
83.0,167.0,59.0,78.52999877929688,124.0,79.19999694824219,132.0,94.80000305175781,1784592964000.0,0.5,-6.42901117913425,106.89384025521576,132.0,79.19999694824219,1.875,-0.11599999666213989,132.0
85.0,170.0,64.0,90.87000274658203,125.0,79.5999984741211,137.0,95.4000015258789,1784592969000.0,0.0,-6.42891101539135,106.89388979226351,137.0,79.5999984741211,1.9869999885559082,0.07100000232458115,137.0
84.0,169.0,69.0,103.16000366210938,128.0,79.80000305175781,142.0,97.0,1784592974000.0,0.5,-6.4288062416017056,106.893928097561,142.0,79.80000305175781,2.1459999084472656,0.03500000014901161,142.0
83.0,166.0,71.0,108.04000091552734,130.0,79.80000305175781,144.0,97.5999984741211,1784592976000.0,0.0,-6.4287632424384356,106.89393983222544,144.0,79.80000305175781,2.193000078201294,0.007000000216066837,144.0
83.0,166.0,73.0,112.95999908447266,134.0,79.80000305175781,146.0,98.0,1784592978000.0,0.0,-6.428720410913229,106.8939537461847,146.0,79.80000305175781,2.2300000190734863,0.023000000044703484,146.0
83.0,166.0,77.0,122.08000183105469,137.0,80.0,150.0,98.80000305175781,1784592982000.0,0.0,-6.4286433812230825,106.89398484304547,150.0,80.0,2.2769999504089355,0.0430000014603138,150.0
82.0,165.0,79.0,128.17999267578125,137.0,79.80000305175781,152.0,99.4000015258789,1784592984000.0,0.5,-6.428584037348628,106.8939870223403,152.0,79.80000305175781,2.2950000762939453,-0.057999998331069946,152.0
82.0,165.0,83.0,137.39999389648438,140.0,80.0,156.0,100.0,1784592988000.0,0.5,-6.428501307964325,106.8940023612231,156.0,80.0,2.4260001182556152,0.03799999877810478,156.0
83.0,167.0,86.0,144.38999938964844,142.0,80.19999694824219,159.0,100.0,1784592991000.0,0.5,-6.428438946604729,106.8940166104585,159.0,80.19999694824219,2.3980000019073486,0.03400000184774399,159.0
82.0,165.0,93.0,159.67999267578125,143.0,80.5999984741211,166.0,98.80000305175781,1784592998000.0,0.5,-6.428310954943299,106.89407142810524,166.0,80.5999984741211,2.257999897003174,0.05400000140070915,166.0
83.0,167.0,100.0,177.6699981689453,142.0,79.80000305175781,173.0,96.5999984741211,1784593005000.0,0.5,-6.428151950240135,106.89411425963044,173.0,79.80000305175781,2.2300000190734863,-0.09600000083446503,173.0
81.0,162.0,104.0,186.55999755859375,142.0,79.5999984741211,177.0,95.4000015258789,1784593009000.0,0.0,-6.428075088188052,106.89410872757435,177.0,79.5999984741211,2.239000082015991,-0.07400000095367432,177.0
81.0,162.0,105.0,189.1199951171875,142.0,79.4000015258789,178.0,95.19999694824219,1784593010000.0,0.0,-6.428061006590724,106.8940903712064,178.0,79.4000015258789,2.239000082015991,-0.11699999868869781,178.0
84.0,168.0,113.0,210.0399932861328,145.0,78.4000015258789,186.0,96.5999984741211,1784593018000.0,0.0,-6.427981210872531,106.89391820691526,186.0,78.4000015258789,2.2669999599456787,-0.125,186.0
82.0,165.0,117.0,219.5399932861328,148.0,77.80000305175781,190.0,98.5999984741211,1784593022000.0,0.5,-6.427955394610763,106.89383656717837,190.0,77.80000305175781,2.305000066757202,-0.1469999998807907,190.0
82.0,164.0,122.0,231.97999572753906,150.0,78.0,195.0,100.19999694824219,1784593027000.0,0.0,-6.4278979785740376,106.89374688081443,195.0,78.0,2.3420000076293945,0.03099999949336052,195.0
81.0,162.0,126.0,239.97999572753906,151.0,78.4000015258789,199.0,102.5999984741211,1784593031000.0,0.0,-6.427848692983389,106.89378879033029,199.0,78.4000015258789,2.305000066757202,0.08900000154972076,199.0
82.0,164.0,132.0,250.85000610351562,151.0,78.4000015258789,205.0,105.19999694824219,1784593037000.0,0.0,-6.427854895591736,106.89388652332127,205.0,78.4000015258789,2.2769999504089355,-0.007000000216066837,205.0
81.0,162.0,133.0,253.24000549316406,151.0,78.4000015258789,206.0,105.80000305175781,1784593038000.0,0.0,-6.427862606942654,106.89390756189823,206.0,78.4000015258789,2.2669999599456787,0.04600000008940697,206.0
82.0,165.0,139.0,267.4599914550781,151.0,79.0,212.0,109.80000305175781,1784593044000.0,0.5,-6.427895212545991,106.89403186552227,212.0,79.0,2.2109999656677246,0.10899999737739563,212.0
82.0,164.0,144.0,276.8999938964844,152.0,79.0,217.0,112.4000015258789,1784593049000.0,0.0,-6.4278859086334705,106.89411593601108,217.0,79.0,2.239000082015991,0.0,217.0
82.0,164.0,145.0,278.7099914550781,153.0,79.0,218.0,112.5999984741211,1784593050000.0,0.0,-6.427878700196743,106.89413119107485,218.0,79.0,2.2300000190734863,0.0,218.0
82.0,164.0,149.0,287.010009765625,154.0,79.0,222.0,113.19999694824219,1784593054000.0,0.0,-6.427817260846496,106.89417217858136,222.0,79.0,2.2019999027252197,0.0,222.0
82.0,165.0,155.0,297.75,155.0,78.80000305175781,228.0,109.80000305175781,1784593060000.0,0.5,-6.427729418501258,106.89420855604112,228.0,78.80000305175781,2.1740000247955322,-0.017000000923871994,228.0
81.0,163.0,164.0,313.8900146484375,157.0,78.4000015258789,237.0,100.19999694824219,1784593069000.0,0.5,-6.427592374384403,106.89425582997501,237.0,78.4000015258789,2.118000030517578,-0.054999999701976776,237.0
82.0,165.0,173.0,333.3900146484375,156.0,77.5999984741211,246.0,96.19999694824219,1784593078000.0,0.5,-6.427429094910622,106.8943239748478,246.0,77.5999984741211,2.0899999141693115,-0.08399999886751175,246.0
82.0,165.0,179.0,345.6600036621094,156.0,77.19999694824219,252.0,95.19999694824219,1784593084000.0,0.5,-6.427321471273899,106.89434166066349,252.0,77.19999694824219,2.0989999771118164,-0.07500000298023224,252.0
81.0,163.0,184.0,355.8800048828125,160.0,77.0,257.0,95.19999694824219,1784593089000.0,0.5,-6.427233377471566,106.8943147547543,257.0,77.0,2.0989999771118164,-0.04399999976158142,257.0
80.0,160.0,188.0,362.94000244140625,159.0,76.80000305175781,261.0,95.5999984741211,1784593093000.0,0.0,-6.427169507369399,106.89431307837367,261.0,76.80000305175781,2.0899999141693115,-0.0560000017285347,261.0
79.0,158.0,196.0,376.260009765625,157.0,76.19999694824219,269.0,96.0,1784593101000.0,0.0,-6.427050149068236,106.89433126710355,269.0,76.19999694824219,2.052999973297119,-0.06199999898672104,269.0
79.0,159.0,207.0,395.2900085449219,157.0,75.80000305175781,280.0,96.0,1784593112000.0,0.5,-6.426878152415156,106.8943372182548,280.0,75.80000305175781,1.9589999914169312,-0.0430000014603138,280.0
79.0,159.0,216.0,411.8699951171875,157.0,75.19999694824219,289.0,95.0,1784593121000.0,0.5,-6.426728283986449,106.89433235675097,289.0,75.19999694824219,1.930999994277954,-0.05400000140070915,289.0
79.0,158.0,222.0,422.6400146484375,154.0,75.0,295.0,95.0,1784593127000.0,0.0,-6.426630970090628,106.89432607032359,295.0,75.0,1.9220000505447388,-0.03999999910593033,295.0
79.0,158.0,224.0,426.05999755859375,151.0,75.19999694824219,297.0,95.0,1784593129000.0,0.0,-6.426600627601147,106.89432037062943,297.0,75.19999694824219,1.9129999876022339,0.054999999701976776,297.0
78.0,157.0,226.0,429.6700134277344,149.0,75.19999694824219,299.0,95.19999694824219,1784593131000.0,0.5,-6.426568441092968,106.8943147547543,299.0,75.19999694824219,1.902999997138977,0.057999998331069946,299.0
79.0,159.0,233.0,440.6400146484375,148.0,75.5999984741211,306.0,96.19999694824219,1784593138000.0,0.5,-6.426470540463924,106.89430251717567,306.0,75.5999984741211,1.875,0.05000000074505806,306.0
80.0,161.0,241.0,458.010009765625,150.0,76.4000015258789,314.0,98.5999984741211,1784593146000.0,0.5,-6.4263164810836315,106.89426974393427,314.0,76.4000015258789,1.847000002861023,0.09600000083446503,314.0
81.0,162.0,251.0,479.8399963378906,151.0,78.19999694824219,324.0,97.80000305175781,1784593156000.0,0.0,-6.426126295700669,106.89421660266817,324.0,78.19999694824219,1.930999994277954,0.17299999296665192,324.0
81.0,162.0,252.0,481.80999755859375,151.0,78.4000015258789,325.0,97.80000305175781,1784593157000.0,0.0,-6.426108693704009,106.89421358518302,325.0,78.4000015258789,1.940999984741211,0.28600001335144043,325.0
81.0,163.0,259.0,497.6400146484375,152.0,79.5999984741211,332.0,98.19999694824219,1784593164000.0,0.5,-6.425971984863281,106.89417125657201,332.0,79.5999984741211,1.968999981880188,0.164000004529953,332.0
81.0,162.0,269.0,515.719970703125,149.0,81.19999694824219,342.0,98.5999984741211,1784593174000.0,0.0,-6.425820775330067,106.89412272535264,342.0,81.19999694824219,2.00600004196167,0.1589999943971634,342.0
80.0,161.0,270.0,516.77001953125,153.0,81.0,343.0,98.4000015258789,1784593175000.0,0.5,-6.4258302468806505,106.89412297680974,343.0,81.0,1.996999979019165,-0.07199999690055847,343.0
80.0,160.0,271.0,518.3599853515625,153.0,81.0,344.0,98.19999694824219,1784593176000.0,0.0,-6.425843657925725,106.8941284250468,344.0,81.0,1.9780000448226929,-0.17499999701976776,344.0
78.0,157.0,275.0,526.3800048828125,151.0,80.0,348.0,98.19999694824219,1784593180000.0,0.5,-6.42591180279851,106.89416027627885,348.0,80.0,1.9129999876022339,-0.2370000034570694,348.0
80.0,161.0,285.0,547.3599853515625,150.0,78.4000015258789,358.0,99.19999694824219,1784593190000.0,0.5,-6.426083547994494,106.89424769952893,358.0,78.4000015258789,1.9129999876022339,-0.16200000047683716,358.0
80.0,161.0,286.0,549.47998046875,150.0,78.0,359.0,99.19999694824219,1784593191000.0,0.5,-6.42609947361052,106.89425842836499,359.0,78.0,1.9129999876022339,-0.26899999380111694,359.0
79.0,159.0,292.0,562.0800170898438,151.0,77.0,365.0,99.19999694824219,1784593197000.0,0.5,-6.426209611818194,106.89428499899805,365.0,77.0,1.930999994277954,-0.16899999976158142,365.0
80.0,161.0,298.0,572.9000244140625,148.0,76.19999694824219,371.0,100.19999694824219,1784593203000.0,0.5,-6.426306925714016,106.89429103396833,371.0,76.19999694824219,1.968999981880188,-0.12800000607967377,371.0
80.0,161.0,299.0,574.5700073242188,147.0,76.19999694824219,372.0,100.19999694824219,1784593204000.0,0.5,-6.426321845501661,106.89429287798703,372.0,76.19999694824219,1.968999981880188,-0.12700000405311584,372.0
80.0,161.0,306.0,587.469970703125,150.0,75.80000305175781,379.0,101.0,1784593211000.0,0.5,-6.426435923203826,106.894316598773,379.0,75.80000305175781,1.940999984741211,-0.05700000002980232,379.0
80.0,161.0,310.0,595.3900146484375,151.0,75.5999984741211,383.0,101.0,1784593215000.0,0.5,-6.42650356516242,106.89434073865414,383.0,75.5999984741211,1.930999994277954,-0.061000000685453415,383.0
81.0,162.0,318.0,612.5399780273438,151.0,75.0,391.0,99.80000305175781,1784593223000.0,0.0,-6.426655361428857,106.89437460154295,391.0,75.0,1.930999994277954,-0.05999999865889549,391.0
78.0,157.0,326.0,628.3499755859375,149.0,75.5999984741211,399.0,99.19999694824219,1784593231000.0,0.5,-6.426791148260236,106.89441273920238,399.0,75.5999984741211,1.9780000448226929,0.05900000035762787,399.0
80.0,161.0,333.0,642.6900024414062,151.0,75.19999694824219,406.0,98.80000305175781,1784593238000.0,0.5,-6.426873039454222,106.89450778998435,406.0,75.19999694824219,2.00600004196167,-0.04899999871850014,406.0
83.0,166.0,337.0,651.719970703125,150.0,75.0,410.0,98.5999984741211,1784593242000.0,0.0,-6.426929449662566,106.89456059597433,410.0,75.0,2.0339999198913574,-0.04899999871850014,410.0
82.0,164.0,338.0,653.780029296875,149.0,75.0,411.0,98.5999984741211,1784593243000.0,0.0,-6.426947806030512,106.8945634458214,411.0,75.0,2.0429999828338623,0.04600000008940697,411.0
82.0,164.0,347.0,672.4299926757812,150.0,75.5999984741211,420.0,98.80000305175781,1784593252000.0,0.0,-6.427115108817816,106.89457945525646,420.0,75.5999984741211,2.0899999141693115,0.05400000140070915,420.0
81.0,162.0,355.0,684.6900024414062,150.0,76.0,428.0,99.19999694824219,1784593260000.0,0.0,-6.427224660292268,106.89456319436431,428.0,76.0,2.0810000896453857,0.06800000369548798,428.0
60.0,120.0,357.0,687.030029296875,150.0,76.19999694824219,430.0,99.4000015258789,1784593262000.0,0.0,-6.4272447768598795,106.89455732703209,430.0,76.19999694824219,2.052999973297119,0.04699999839067459,430.0
0.0,0.0,361.0,692.760009765625,150.0,76.4000015258789,434.0,99.5999984741211,1784593266000.0,0.0,-6.427295906469226,106.89454894512892,434.0,76.4000015258789,1.465000033378601,0.05400000140070915,434.0
0.0,0.0,368.0,702.3800048828125,147.0,76.80000305175781,441.0,98.80000305175781,1784593273000.0,0.0,-6.427378971129656,106.89452111721039,441.0,76.80000305175781,1.3899999856948853,0.05700000002980232,441.0
0.0,0.0,370.0,704.8200073242188,147.0,76.80000305175781,443.0,98.4000015258789,1784593275000.0,0.0,-6.42739724367857,106.89450896345079,443.0,76.80000305175781,1.4179999828338623,0.054999999701976776,443.0
0.0,0.0,373.0,708.1400146484375,144.0,77.0,446.0,98.19999694824219,1784593278000.0,0.0,-6.427415180951357,106.89448490738869,446.0,77.0,1.409000039100647,0.05000000074505806,446.0
0.0,0.0,374.0,709.5,143.0,77.0,447.0,98.19999694824219,1784593279000.0,0.0,-6.42742607742548,106.8944791238755,447.0,77.0,1.409000039100647,0.05999999865889549,447.0
58.0,117.0,377.0,713.4099731445312,143.0,77.19999694824219,450.0,98.19999694824219,1784593282000.0,0.5,-6.427461197599769,106.89447451382875,450.0,77.19999694824219,1.38100004196167,0.04800000041723251,450.0
57.0,114.0,384.0,722.4500122070312,140.0,77.5999984741211,457.0,95.0,1784593289000.0,0.0,-6.427541077136993,106.89445909112692,457.0,77.5999984741211,1.2970000505447388,0.04899999871850014,457.0
56.0,112.0,388.0,727.3099975585938,140.0,77.80000305175781,461.0,93.80000305175781,1784593293000.0,0.0,-6.427581813186407,106.89444039948285,461.0,77.80000305175781,1.2599999904632568,0.05299999937415123,461.0
0.0,0.0,395.0,736.0700073242188,137.0,78.19999694824219,468.0,97.19999694824219,1784593300000.0,0.0,-6.427655071020126,106.89441047608852,468.0,78.19999694824219,1.2319999933242798,0.05299999937415123,468.0
0.0,0.0,397.0,739.0900268554688,136.0,78.19999694824219,470.0,97.80000305175781,1784593302000.0,0.0,-6.427681474015117,106.89440586604178,470.0,78.19999694824219,1.2319999933242798,0.0560000017285347,470.0
55.0,111.0,402.0,745.969970703125,133.0,78.5999984741211,475.0,98.0,1784593307000.0,0.5,-6.427740985527635,106.89439287409186,475.0,78.5999984741211,1.25,0.052000001072883606,475.0
51.0,102.0,404.0,748.25,133.0,78.5999984741211,477.0,97.19999694824219,1784593309000.0,0.0,-6.427758252248168,106.89438122324646,477.0,78.5999984741211,1.2599999904632568,0.052000001072883606,477.0
56.0,112.0,413.0,757.989990234375,132.0,79.0,486.0,95.80000305175781,1784593318000.0,0.0,-6.427833689376712,106.89433839172125,486.0,79.0,1.2130000591278076,0.04699999839067459,486.0
56.0,112.0,414.0,759.4099731445312,132.0,79.19999694824219,487.0,96.0,1784593319000.0,0.0,-6.427846681326628,106.89433621242642,487.0,79.19999694824219,1.2039999961853027,0.054999999701976776,487.0
56.0,112.0,418.0,764.8400268554688,132.0,79.19999694824219,491.0,97.4000015258789,1784593323000.0,0.0,-6.427895883098245,106.89433118328452,491.0,79.19999694824219,1.222000002861023,0.04899999871850014,491.0
56.0,113.0,421.0,767.739990234375,130.0,79.4000015258789,494.0,97.80000305175781,1784593326000.0,0.5,-6.427923375740647,106.89432271756232,494.0,79.4000015258789,1.222000002861023,0.0430000014603138,494.0
57.0,114.0,423.0,770.1900024414062,131.0,79.5999984741211,496.0,98.0,1784593328000.0,0.0,-6.427945168688893,106.89431768842041,496.0,79.5999984741211,1.2130000591278076,0.04800000041723251,496.0
57.0,114.0,424.0,771.3599853515625,130.0,79.5999984741211,497.0,98.0,1784593329000.0,0.0,-6.4279563166201115,106.89431349746883,497.0,79.5999984741211,1.2039999961853027,0.054999999701976776,497.0
55.0,110.0,430.0,779.1199951171875,129.0,80.19999694824219,503.0,97.5999984741211,1784593335000.0,0.0,-6.428045332431793,106.89430268481374,503.0,80.19999694824219,1.184999942779541,0.11299999803304672,503.0
55.0,110.0,433.0,782.530029296875,129.0,80.5999984741211,506.0,97.80000305175781,1784593338000.0,0.0,-6.428077686578035,106.89430377446115,506.0,80.5999984741211,1.1759999990463257,0.07999999821186066,506.0
57.0,114.0,437.0,788.4000244140625,128.0,80.5999984741211,510.0,98.4000015258789,1784593342000.0,0.0,-6.428119512274861,106.89427024684846,510.0,80.5999984741211,1.184999942779541,0.014999999664723873,510.0
57.0,114.0,438.0,789.5900268554688,128.0,80.5999984741211,511.0,98.4000015258789,1784593343000.0,0.0,-6.428130241110921,106.89427116885781,511.0,80.5999984741211,1.2039999961853027,0.08399999886751175,511.0
59.0,118.0,442.0,796.0700073242188,125.0,81.19999694824219,515.0,99.5999984741211,1784593347000.0,0.0,-6.428191009908915,106.89428206533194,515.0,81.19999694824219,1.2319999933242798,0.1289999932050705,515.0
0.0,0.0,443.0,798.6099853515625,123.0,81.4000015258789,516.0,99.80000305175781,1784593348000.0,0.0,-6.428214982151985,106.89428952522576,516.0,81.4000015258789,1.2410000562667847,0.22599999606609344,516.0
0.0,0.0,445.0,801.9099731445312,121.0,81.5999984741211,518.0,100.0,1784593350000.0,0.0,-6.428244989365339,106.89429312944412,518.0,81.5999984741211,1.25,0.12099999934434891,518.0
0.0,0.0,447.0,804.6300048828125,122.0,81.80000305175781,520.0,100.0,1784593352000.0,0.0,-6.428269715979695,106.89429195597768,520.0,81.80000305175781,1.2599999904632568,0.08500000089406967,520.0
0.0,0.0,449.0,806.469970703125,122.0,81.80000305175781,522.0,99.80000305175781,1784593354000.0,0.0,-6.42828706651926,106.89428667537868,522.0,81.80000305175781,1.2690000534057617,0.0430000014603138,522.0
55.0,111.0,451.0,809.2100219726562,124.0,82.0,524.0,99.5999984741211,1784593356000.0,0.5,-6.428308608010411,106.89427494071424,524.0,82.0,1.2690000534057617,0.03500000014901161,524.0
60.0,121.0,456.0,817.6799926757812,123.0,82.0,529.0,98.19999694824219,1784593361000.0,0.5,-6.428375327959657,106.8942423351109,529.0,82.0,1.277999997138977,0.0,529.0
60.0,121.0,457.0,819.3800048828125,123.0,82.0,530.0,98.0,1784593362000.0,0.5,-6.428392259404063,106.89423621632159,530.0,82.0,1.277999997138977,0.03400000184774399,530.0
49.0,98.0,461.0,825.8599853515625,126.0,82.0,534.0,97.80000305175781,1784593366000.0,0.0,-6.428448501974344,106.89421534538269,534.0,82.0,1.315999984741211,0.026000000536441803,534.0
0.0,0.0,467.0,832.3400268554688,126.0,82.0,540.0,97.4000015258789,1784593372000.0,0.0,-6.4285091031342745,106.89418089576066,540.0,82.0,1.3250000476837158,-0.009999999776482582,540.0
